"","Exam","Question","Topic_1","Topic_2","Topic_3","Topic_4","Topic_5","Topic_6","Topic_7","Topic_8","Topic_9","Topic_10","Topic_11","Topic_12","Topic_13","Topic_14","Topic_15","Topic_16","Topic_17","Topic_18","Topic_19","Topic_20","DominantTopic","DominantLabel","DominantProb"
"1","ACTM",1,0.00250407099229141,0.00353309522792696,0.466089117158713,0.0015250769558043,0.0109058185052165,0.00152139354970788,0.321609960469661,0.0581329981494551,0.062628331203941,0.0161762961336135,0.00410888106800833,0.00974601333306965,0.00313986762759711,0.00635352183508291,0.000198399104545511,0.000374562529649689,0.00558769911010705,0.0217595952177528,0.00333577393978664,0.000769527888070267,3,"Diagnostic Testing and Classification Errors",0.466089117158713
"2","ACTM",2,0.0023880297606452,0.00698926578273203,0.479335822130692,0.000492296809997443,0.00324308599944225,0.00193204680799594,0.004766193625729,0.00896411730656916,0.00382192915117471,0.00274511689494263,0.0025999244019844,3.48847203832799e-05,0.00111852409356196,0.00101788431785299,0.000490546986263817,0.0015393503626716,0.000186549201145078,0.00737781654154779,0.470850973557716,0.000105641546952414,3,"Diagnostic Testing and Classification Errors",0.479335822130692
"3","ACTM",3,0.00151679196289132,0.00425789577899124,0.902893345771785,0.00041102498818926,0.00357096523497172,0.0118719665175824,0.00490216878505291,0.0355625453393542,0.00503111928903737,0.00508135823368778,0.00282781129468635,0.000176330950390652,0.00251962834334425,0.001366845519858,0.00424220778010048,0.000739195758428099,0.000646163125053494,0.00913330701042477,0.0028629748512472,0.000386353464923878,3,"Diagnostic Testing and Classification Errors",0.902893345771785
"4","ACTM",4,0.0136213729714729,0.0101311646670141,0.00329114098637749,0.00374362067415995,0.639966735639262,0.000215247283042955,0.236438093194205,0.0289399516470421,0.0089449501168961,0.00691040093724014,0.000395182244710806,0.00051884188791098,0.00494646283452411,0.00142679229088917,0.003716288265641,0.000209661628154499,0.00764133696342886,0.00471720060717109,0.0234851967016288,0.000740358459228681,5,"Regression Model Interpretation",0.639966735639262
"5","ACTM",5,0.0228845821892827,0.0124383070274287,0.00275078749261678,0.00443272972030827,0.496282570462645,0.00019949819657781,0.362274838661145,0.0417638697590741,0.0112400937974882,0.00528007664350923,0.000491375480563326,0.00278878151071723,0.00511482649496707,0.00239649880705107,0.000825997992281035,0.000169678444342705,0.00641467475714933,0.00237229935670637,0.0189723602480531,0.000906152958092728,5,"Regression Model Interpretation",0.496282570462645
"6","ACTM",6,0.00633993130732995,0.0157115228261016,0.00530397085100239,0.000726181127211269,0.0407401162977395,0.00135771751606023,0.0175162646743286,0.0389645512305725,0.00298127528661411,0.00687140024440348,0.000209582518409065,0.000127930097433586,0.0050512506672211,0.000545983540021131,0.0043784171880118,0.00246863841492566,0.00224400770885891,0.000271909099033616,0.847851492009135,0.000337857395586373,19,"Randomization and Causal Inference",0.847851492009135
"7","ACTM",7,0.000448107343105183,0.00252753282797073,0.0052514051834792,0.000866033546534124,0.0073451721649512,0.000190641689202926,0.34677716361036,0.0673711223903889,0.500974262738047,0.00678891196484119,0.0471421544744687,0.0045695463541527,0.00218692102696701,0.00187328689044386,0.000215793955249133,3.18538213791489e-05,0.00195021359352533,0.00115727130127727,0.00130202645217529,0.00103057867148086,9,"Procedural Statistical Computation",0.500974262738047
"8","ACTM",8,0.00131872880189814,0.00326834292939545,0.00502511190337955,0.00208880883901964,0.014361478630148,0.000153169222752703,0.714352531591434,0.0501144076856247,0.143642119784521,0.0373716567163449,0.00789736361661269,0.00176658635831241,0.00270391349011646,0.00650300365675418,0.000293687786775476,3.82057379719805e-05,0.00248211716821436,0.00266461241282402,0.0026815377172569,0.00127261595064291,7,"Sampling Distributions and Standardization",0.714352531591434
"9","ACTM",9,0.00253539463316616,0.00627364296117738,0.00763098286627764,0.00633239429665421,0.0254292880725834,0.00169159745191882,0.219690099364056,0.314641797628177,0.0731728843175442,0.0082980250390767,0.0055129140394884,0.0055642819020364,0.00395937645945746,0.0109776043073681,0.000799549760128139,0.000161574161642998,0.298969619767068,0.00354464049939733,0.0041569002905858,0.000657432182196183,8,"Reasoning with Incomplete Information",0.314641797628177
"10","ACTM",10,0.000907356774633355,0.00242842091871134,0.00820625630029923,0.00159078197938308,0.00705767091378994,0.00298172494179731,0.214571043545116,0.629088020151235,0.0769709236015428,0.00987912344693144,0.00700344219937423,0.00661896174060634,0.00638165518630925,0.00693496181146205,0.000786583648206626,0.000118140521523722,0.00999113836435262,0.00146763691389605,0.00564684596673453,0.00136931107409448,8,"Reasoning with Incomplete Information",0.629088020151235
"11","ACTM",11,0.00347783895241326,0.00744186277416278,0.0235557164710428,0.0004162554076225,0.00975913734507447,0.00410682406320036,0.0195472423198916,0.578965798957074,0.00891915840078074,0.00344218959103991,0.000628689327724257,0.12806944730288,0.0108826891725963,0.179820347591894,0.000241374995087013,8.3995966442809e-05,0.0147652848214242,0.000894940576010825,0.0031232643842868,0.00185794157935178,8,"Reasoning with Incomplete Information",0.578965798957074
"12","ACTM",12,0.00441084603496214,0.864233811714838,0.0194797416385257,0.000339841801303461,0.016360646238693,0.00360956482879451,0.00562321903116023,0.0246357135297345,0.00263299833261895,0.00154387124080806,0.000329972854228311,0.000205799464557563,0.00259633362882598,0.00109201682805244,9.01818782756893e-05,0.000279097196201364,0.00102395931564695,0.00025472737498483,0.0509819717112063,0.000275685356581965,2,"Sampling Bias and Generalizability",0.864233811714838
"13","ACTM",13,0.0139409942544707,0.0393668121917749,0.00357830460891046,0.000603773057384762,0.00984448053828591,0.000666407167488691,0.0243031967446726,0.0118190321771215,0.00142353983667648,0.0204113292058022,0.000140143684922186,5.06818445010806e-05,0.00142327985419353,0.00036315655200708,0.000866189324310749,0.00188179595502086,0.000929547579749862,0.000218907842131281,0.867965360876191,0.000203066704384593,19,"Randomization and Causal Inference",0.867965360876191
"14","ACTM",14,0.0217998946238106,0.0234246788987581,0.00661758202144151,0.00291131891965666,0.00691979712753629,0.000396347226750968,0.0192632909714703,0.0376211310796017,0.00825073451383777,0.000392110916480867,0.00118987561928292,0.645076591306396,0.0226954600270942,0.198038359478754,3.4722790474489e-06,0.00157680985831648,0.000187530663291182,0.000136854756257903,0.00344145408749432,5.67056247208739e-05,12,"Distribution Summaries and Boxplot Interpretation",0.645076591306396
"15","ACTM",15,0.0149611897461032,0.0308008509531196,0.00939542483290113,0.000921209727460272,0.100746851916666,0.0018206959712538,0.041754073695479,0.0650671732726806,0.0122344961563164,0.00232079001998927,0.000585195315705908,0.00136670362021826,0.703713375149302,0.00119747789389894,0.000452527705730819,7.40701870887346e-05,0.00150794124945641,0.000429014974002661,0.00947845730007468,0.00117248031255282,13,"Correlation and Scatterplot Interpretation",0.703713375149302
"16","ACTM",16,0.0014365215589617,0.00669222547478437,0.00395799247914816,0.0162985030349581,0.320892771338621,0.000306584231888744,0.0352969538746734,0.0891314638545531,0.486568111168649,0.00530085619233917,0.00219085400090796,0.000732102413141295,0.0201988443818814,0.00121846151230764,0.000834473745826014,0.000132162774865053,0.00373812057859762,0.000249781757987002,0.00396565371557716,0.000857561910332081,9,"Procedural Statistical Computation",0.486568111168649
"17","ACTM",17,0.0148934822542634,0.028661833195147,0.0115582429742928,0.00317178357847328,0.0230203483122006,0.0142714110349828,0.020983862303559,0.522925595790476,0.112274838141294,0.00395969429269351,0.0017250016343087,0.00441295265482076,0.217007190761684,0.00340784663691189,0.000621906660050498,0.000181907987319091,0.00437768378110496,0.000369729093432483,0.0106863685057847,0.00148832040720032,8,"Reasoning with Incomplete Information",0.522925595790476
"18","ACTM",18,0.00526627371806373,0.0190128901557625,0.0643697990925051,0.00146629673362277,0.257478776334395,0.00438655037802689,0.0299843788554945,0.403448606012259,0.0125562424242011,0.00528537958263783,0.00450915586147471,0.0071753675319043,0.120238300953095,0.00482999935384553,0.00281591519024073,0.000510774919891099,0.03548127853048,0.00201376400898406,0.0171369521022494,0.00203329826086677,8,"Reasoning with Incomplete Information",0.403448606012259
"19","ACTM",19,0.0147031731037748,0.0299646973575618,0.00523832544246853,0.000388391802680115,0.028069215313578,0.000598085799532716,0.00956808082591896,0.148073515779939,0.00664346379173823,0.00206229668090213,0.000270632266999179,0.00220971534420422,0.731780348557094,0.00463634218291369,0.000241140107712317,7.34636542015308e-05,0.00125119693628535,0.000196902035951854,0.0131638414893086,0.000867171527235644,13,"Correlation and Scatterplot Interpretation",0.731780348557094
"20","ACTM",20,0.00199093286794043,0.00883036011304921,0.00316004641230518,0.00129546434136351,0.935499363364814,0.000144224733715924,0.0145709769619628,0.01180267118827,0.00311855951613799,0.00128797815953078,0.000114714628484837,0.000190656297461841,0.00837271257275584,0.00048176737700867,0.000675531900835233,0.000121193606330201,0.00228383668998797,0.000266109613592615,0.00547089696088196,0.00032200269357113,5,"Regression Model Interpretation",0.935499363364814
"21","ACTM",21,0.00202092028857801,0.0081257996827424,0.00319485004922575,0.00148957194955681,0.921832841229086,0.000128109866778575,0.0242573966429551,0.0170407695302954,0.00404665619310263,0.00151842428948345,0.00014494245862726,0.000267358551069159,0.00691100785206232,0.00054202716341482,0.000529747942179396,0.000103087022885183,0.00265315869930417,0.000348843332516808,0.00446437427444781,0.000380112981689238,5,"Regression Model Interpretation",0.921832841229086
"22","ACTM",22,0.0129741181596355,0.0182805284898504,0.00369713628808036,0.00288861866034711,0.003025673284484,0.000252819548412949,0.0322000872967923,0.0102851682110985,0.866457993842709,0.000491687489442862,0.00553377048442651,0.0216352668223968,0.00507593011580154,0.0122640268468086,2.98844723028668e-06,0.00154093090066335,9.26164210027981e-05,7.26682697015031e-05,0.00320153889642528,2.64315246895015e-05,9,"Procedural Statistical Computation",0.866457993842709
"23","ACTM",23,0.000820481118961728,0.00340401709785525,0.00773513506733427,0.0017955986565747,0.0100556214006989,0.0027372953407832,0.1754856332448,0.40440570582343,0.334471155343559,0.0106856327057644,0.0137789872486317,0.00667023149448888,0.00591032972660372,0.00732835080454317,0.000460272810102298,9.622816227107e-05,0.00811519516179904,0.00117019572440604,0.0031552735670988,0.00171865950029338,8,"Reasoning with Incomplete Information",0.40440570582343
"24","ACTM",24,0.00142290048879247,0.00394031631588166,0.00870457335775008,0.000607856402105721,0.0262547016248765,0.000122405625013136,0.0374718381058747,0.039519079534414,0.167454359543639,0.67466373617011,0.0013375273499845,0.000668972379548535,0.00148478977163884,0.00133618808911672,0.000243076474139223,0.000459435254912957,0.00381634847282869,0.0245719387780116,0.0051791525114631,0.00074080374989958,10,"Probability Modeling and Simulation",0.67466373617011
"25","ACTM",25,0.00184118441732861,0.00276157586792575,0.0022078851479509,0.00286977959476862,0.0202771995417586,0.00014135192508782,0.844809862021998,0.0385344663143771,0.0515764554373445,0.00710298790566758,0.00168017158352715,0.00382522213859627,0.00962423909242005,0.0032239332098838,0.000280667898390079,2.79551525494928e-05,0.00282266430136592,0.0019498446564349,0.00351255967555038,0.000929994117074305,7,"Sampling Distributions and Standardization",0.844809862021998
"26","AP",1,0.000141653923409692,0.00099492569078901,0.000401905640661055,0.00704394824405261,1.15275566207304e-05,0.000111702090057764,0.00422824317774276,0.00419253497812292,0.00188162265762695,6.02496640791375e-06,0.00615141666902182,0.90183184076643,0.000212535000646963,0.0561639977748126,1.08660376963882e-07,0.000952127201493857,0.00628906471732379,0.0040368000993501,3.57559780109031e-05,0.0053122642070415,12,"Distribution Summaries and Boxplot Interpretation",0.90183184076643
"27","AP",2,0.000136094724296571,0.00544718439589305,0.00170261959416722,0.00121159521236622,0.00011323338458115,0.000371603377983655,0.000240104344755483,8.35096205727933e-05,2.58654828564962e-05,0.000117478857770646,0.000727023229409792,1.394168905001e-06,4.14582096026463e-06,2.79347460429484e-06,0.000491316575655752,0.702198003929435,0.00364802122277347,0.000854762402628917,0.279618049660162,0.00300520052022168,16,"Association in Contingency Tables",0.702198003929435
"28","AP",3,8.95608574121624e-05,0.00227718499163616,0.00213374957014912,0.00492980838929404,0.000391096744318237,0.000216975366901453,0.00483063607584017,0.000511244981217437,0.000701298108889602,0.00015333193547803,0.0120966672141624,0.000545869055204514,0.000131768797617506,0.000316509154727169,6.92640982821974e-05,0.000529129096111454,0.00247208284418296,0.00329494518350362,0.00190167503313549,0.962407202501936,20,"Discrete Probability Distributions",0.962407202501936
"29","AP",4,1.71647292827708e-05,0.00417515263815967,0.0150247029857943,0.0015110765355617,3.15905905925792e-06,8.71840919392527e-05,0.00198234040647364,0.000125141334244263,0.000738729386765129,5.76937626043914e-06,0.967610595461926,0.00144372725014743,4.45850930559189e-05,0.000829481041029254,1.25731351045944e-06,0.00214211401776626,0.000316371216698404,0.00185739755543125,7.68804718362816e-05,0.00200717003505837,11,"Sample Size, Precision, and Margin of Error",0.967610595461926
"30","AP",5,0.000170918261653372,0.00373042053638266,0.00378361789162198,0.00774402757874204,0.000352840339025838,8.78762780430609e-05,0.0140444975008315,0.000513080939820463,0.000243477264260384,0.000218177615555464,0.00952071436156767,0.000270142229727474,1.41382296555012e-05,0.000156045710765995,5.64110090824715e-05,0.00154641313430029,0.163527690558918,0.768139678705116,0.00133833944330987,0.0245414924116201,18,"Sample Size and Proportion Inference",0.768139678705116
"31","AP",6,0.000853552225615953,0.00208626945431231,0.00135900314896702,0.879111500361076,0.000174322555938817,5.31357962509983e-05,0.0990372323725499,5.97138490621151e-05,0.000471611829532201,1.30776207004038e-05,0.00390952875556676,0.00198227631541481,5.55907814083068e-05,0.00230459309210001,5.36564930994779e-06,0.0034204191712381,0.00228762501909143,0.00116135676492359,0.000322768747284479,0.00133105648965663,4,"Regression Design and Experimental Planning",0.879111500361076
"32","CAOS",1,0.0129644595032312,0.00463640754739656,0.00305257577284613,0.00140751133541474,0.0255484763301175,0.0029750925402207,0.0210438542533535,0.127530809011873,0.00208180934572996,0.00141473629231417,0.00125018664006477,0.020874391622309,0.00715544557543599,0.73441286153698,0.0055599818802673,0.0150133266499644,0.00630597351409536,0.00266275457829075,0.00398718872482107,0.000122157345273743,14,"Distribution Shape and Histogram Interpretation",0.73441286153698
"33","CAOS",2,0.0214659784266754,0.0215624080222418,0.00224308486807136,0.000345390272001849,0.000385747205137313,0.00441804740641475,0.00863429517647852,0.0796074561876594,0.00139820130163361,0.00103957458093359,0.000645640124314675,0.476939142611094,0.00715954240777713,0.362034491785053,0.000521682703901444,0.00652544063079338,0.00238304987209462,0.000690728517200958,0.00190215647679722,9.79414237260614e-05,12,"Distribution Summaries and Boxplot Interpretation",0.476939142611094
"34","CAOS",3,0.000955510361035813,0.00127276338454725,0.00288841851209317,0.000222527225918732,0.000239209357823274,0.000441053339279553,0.00872423979787167,0.0142218983846582,0.000691108525990798,0.000473673995315542,0.000317775806040813,0.0623876260317491,0.0138957048087847,0.889503269634626,0.000206021720749523,0.00117022571483196,0.00132442063587481,0.00070022474937518,0.000280149771896691,8.41782415370218e-05,14,"Distribution Shape and Histogram Interpretation",0.889503269634626
"35","CAOS",4,0.00269050439347002,0.00586889010860678,0.00298847198141708,0.000477142551965584,0.000267689229937508,0.000344604237655958,0.0341683018593663,0.00889525563833378,0.00427427445587873,0.0017591858828227,0.0019141148010714,0.014099562556609,0.002375765671666,0.911501366655523,0.000303324156494342,0.00137682503395854,0.00253009564572202,0.00120263527241341,0.00288299082486985,7.89990422176754e-05,14,"Distribution Shape and Histogram Interpretation",0.911501366655523
"36","CAOS",5,0.00298353122482881,0.0279644893708681,0.00369466483633356,0.000805446862965292,0.00589092067785991,0.00892855915138409,0.0139771931656466,0.142951094123276,0.00187490779772823,0.016952111987609,0.000123299652780688,0.00388002135212253,0.0044427454461337,0.727881564978851,0.00563280618475203,0.000282258734407962,0.0156150933147239,0.00233939979425858,0.0106920708057859,0.00308782053768391,14,"Distribution Shape and Histogram Interpretation",0.727881564978851
"37","CAOS",6,0.00215659338897747,0.00260319744978775,0.00230154054382344,0.000545826857658763,0.000445846502520113,0.00327625563362788,0.00989796398130629,0.0385099847714914,0.00404812175745175,0.00092855368469536,0.000917568180651433,0.0220506237601451,0.00937369458500296,0.872485377027218,0.000907149454414792,0.0175086114372422,0.00950682822582897,0.000970079207018796,0.00148484485991186,8.13386912258073e-05,14,"Distribution Shape and Histogram Interpretation",0.872485377027218
"38","CAOS",7,0.00767232131666835,0.0275016598328186,0.00320672069238407,3.80575457556389e-05,0.00551264974024271,0.000938468466392958,0.00230041842813444,0.00418076695773955,3.94961793376928e-05,0.0049025549982772,8.01577964132638e-06,1.96818725930929e-05,0.00134436271321518,0.000640103922165584,0.00974577594806067,0.00789770309458407,0.00124220936403077,0.000412269788650331,0.922216923845945,0.000179839513363093,19,"Randomization and Causal Inference",0.922216923845945
"39","CAOS",8,0.00395861428332771,0.000487544887090607,0.00046200314444742,0.000723711893622331,0.000523635039124911,0.000292081245245512,0.13095628497912,0.0126331445288884,0.00547603799641622,0.000657811289363487,0.000723607137263111,0.771939309619778,0.0123629189798411,0.0516265204803046,0.000555171999323783,0.00104902346950609,0.0029655664000861,0.00231388458091076,0.000155522745807665,0.000137605300532853,12,"Distribution Summaries and Boxplot Interpretation",0.771939309619778
"40","CAOS",9,0.000306404673595079,0.000240257341076028,0.000661291511330614,0.000161246768238022,9.34019119743119e-05,0.00134677012570303,0.00649323088603828,0.0386118840833203,0.00149795331053339,0.000191709089577771,0.000417534776939788,0.901598317225166,0.00510189469313761,0.0308819281080883,0.000410953261924508,0.00248878405158832,0.00827672151656282,0.00100010428563809,0.000166168219617417,5.34441599507272e-05,12,"Distribution Summaries and Boxplot Interpretation",0.901598317225166
"41","CAOS",10,0.000323623712707041,0.000216503029733125,0.00033950064297794,8.56102504051776e-05,7.57937863551979e-05,0.00208749734024578,0.00481770682634323,0.0177530157741415,0.0119349277760569,0.000239239551444215,0.000240530160261153,0.92478646449124,0.0039828303774376,0.0307649103013019,8.85515347798337e-05,0.000652537998700092,0.0010226511038859,0.000476965819162034,5.64629857425641e-05,5.46765370791415e-05,12,"Distribution Summaries and Boxplot Interpretation",0.92478646449124
"42","CAOS",11,0.0192673741732949,0.00676893042754552,0.00706950399231012,0.000674921947142159,0.00121369385319436,0.003007095491156,0.0170859240222582,0.0322621151826529,0.00502229846339584,0.00379521829328116,0.000680479795335349,0.0450467384050505,0.0108914920757467,0.096531775697875,0.0136087954778191,0.717762571612211,0.00437041934510994,0.00493025889175723,0.00989241480261319,0.000117978050250825,16,"Association in Contingency Tables",0.717762571612211
"43","CAOS",12,0.00958125833285709,0.00453606452100164,0.00443129458938046,0.00119020202264254,0.00472076440859193,0.00409165016013216,0.0223519536980704,0.0426750854611284,0.0121745838538485,0.00431705455898583,0.00145824914170334,0.0225512980616109,0.0115415903405879,0.0598155848638847,0.0229351424357375,0.692311499695614,0.0249771187998994,0.00153683990869332,0.0527171024489108,8.56626967192367e-05,16,"Association in Contingency Tables",0.692311499695614
"44","CAOS",13,0.0855881280685459,0.0481160428632731,0.00511448770167995,0.00156851306119565,0.00192247073331537,0.0786443516518544,0.0319622794661258,0.0160815966075588,0.00251037144467804,0.00171682836384733,0.000631782914429798,0.00784872071617102,0.00561934842649648,0.0241384430403323,0.015741831409003,0.496430754505196,0.00841383623389499,0.00123149427310979,0.166622315055404,9.64034638889101e-05,16,"Association in Contingency Tables",0.496430754505196
"45","CAOS",14,0.00338654383019462,0.00428190565355188,0.00127420092777541,0.00128093852608254,0.010037837568839,0.000345010265352092,0.217979357347467,0.0145145238862979,0.0154113523721497,0.00238877108056829,0.00146522194895179,0.405751752958272,0.0222446297663164,0.285956183380789,0.000480142909607272,0.00160727030256515,0.00288815240386414,0.00816244015622571,0.000302199101608641,0.000241565613521969,12,"Distribution Summaries and Boxplot Interpretation",0.405751752958272
"46","CAOS",15,0.0224266008407991,0.0215195499435425,0.001418450617256,0.00120433596016756,0.000783181169029977,0.000426002044745869,0.210010728981294,0.0137345347264823,0.0379053949664524,0.00226742357036262,0.00138165083587551,0.325860394490564,0.00935283537713915,0.339914089097948,0.000398194572488644,0.00468541143910685,0.00223055630349758,0.00260856218973276,0.00168203097558128,0.000190071897933928,14,"Distribution Shape and Histogram Interpretation",0.339914089097948
"47","CAOS",16,0.0012833655271174,0.011546850945782,0.0030763429830901,0.000119523062993659,0.00782352677759138,0.000128304407417736,0.187853172248322,0.00841324525933699,0.00174322137849506,0.0457269331355601,0.000336978372740222,0.00077796654391957,0.00249970482031757,0.00661177358800638,0.00696113431929139,0.000275785462489977,0.00773261849447805,0.699671080351846,0.00464769776842112,0.0027707745527832,18,"Sample Size and Proportion Inference",0.699671080351846
"48","CAOS",17,0.00225573489676386,0.0162008767352796,0.00219895543886396,0.000200462325321457,0.00935756051882253,0.000478453539761422,0.215774425226186,0.0375867169659186,0.00336985089444131,0.0419654775554565,0.0014793201077537,0.00277449244164978,0.00892842629417584,0.0515577600775182,0.00648871347357644,0.000383774008745874,0.0324892662129637,0.549491884076112,0.00596023946605104,0.0110576097446385,18,"Sample Size and Proportion Inference",0.549491884076112
"49","CAOS",18,0.0191383858701312,0.0281567732655823,0.000658079870301701,0.00015612515667764,0.00300709082823499,0.00406923650194569,0.0173168690619451,0.024461204497903,0.862394638038057,0.00662785308260883,0.00123718098855813,0.00066229711030196,0.00109020252760168,0.00589844881829441,0.00752385969641593,0.000529643067561984,0.00927949543071737,0.000663616293343201,0.00605623623956426,0.00107276365425413,9,"Procedural Statistical Computation",0.862394638038057
"50","CAOS",19,0.0181360524171759,0.0284856983402287,0.00343546787880795,0.000156409089365009,0.00426652615953023,0.000756407512669088,0.00683115812111986,0.0183530557897017,0.000311547150500933,0.00587122521926786,6.95512984255613e-05,8.00718941086277e-05,0.00140268096398689,0.00101484784821201,0.871896395983254,0.00370092388547358,0.0135182286679049,0.00093914268164192,0.0201848809483337,0.000589728150291154,15,"Hypothesis Testing and Statistical Decision Making",0.871896395983254
"51","CAOS",20,0.000519637724186075,0.000982579858843013,0.00105710533247552,0.000286362552878163,0.00672866008654484,0.000393834567820366,0.00798441400524917,0.00621499381954041,0.000532575754646145,0.000151050911857012,0.000253626249966945,0.00914191113058846,0.947056969878649,0.014049081380849,0.00115655172768814,0.00186844989009155,0.000324556865076349,0.000382226230332638,0.000836896423080007,7.85156096374589e-05,13,"Correlation and Scatterplot Interpretation",0.947056969878649
"52","CAOS",21,0.00045030598030305,0.00106448711206897,0.00142171466726724,0.00024138563680494,0.00288184140322858,0.000874959271154334,0.00251647193046756,0.0116412978854479,0.000382617251224602,0.000151072469068741,0.000225665595203812,0.00885785564001366,0.9449653181989,0.0174113280192803,0.00122366540127066,0.00364223677224717,0.000388476018496743,0.000265876510896464,0.00131886889223892,7.45553444164308e-05,13,"Correlation and Scatterplot Interpretation",0.9449653181989
"53","CAOS",22,0.024846975861052,0.0719120629289532,0.00346111393737134,0.000171805725227587,0.0109399932787913,0.00242344881003033,0.00837095369907848,0.019902817738943,0.0001969955348988,0.00536019041920979,5.1344932278427e-05,0.00015690172153834,0.0757378141637396,0.00248331811762488,0.0934075037506817,0.0056558692750113,0.0140018961840472,0.00131313066071768,0.658454668508611,0.00115119475219344,19,"Randomization and Causal Inference",0.658454668508611
"54","CAOS",23,0.00161273556045422,0.0119344384662747,0.0163512295802318,0.000213207954135111,0.00521578134341934,0.00101403315898413,0.0201820705261402,0.00483461198587237,0.000281975007575086,0.00512914787839822,0.000123797628310954,3.19637355193259e-05,0.00146243060243744,0.000801748035941261,0.79742878739864,0.00460667444510148,0.00692690445753446,0.00830370390266525,0.112792898101696,0.000751860230668641,15,"Hypothesis Testing and Statistical Decision Making",0.79742878739864
"55","CAOS",24,0.00129313250745581,0.00425655886022611,0.00120434736142203,7.8684260206783e-05,0.00205587821743117,0.00137741520381385,0.00212226866698587,0.00345230845953649,3.48612613722832e-05,0.00207963946133965,1.5524457675686e-05,7.57959132784052e-06,0.000914245551975063,0.0002217650262641,0.504129029883442,0.00697523754362418,0.00264943358395686,0.000295897336914852,0.466615248146131,0.000220944618898428,15,"Hypothesis Testing and Statistical Decision Making",0.504129029883442
"56","CAOS",25,0.0212476732638502,0.0357450873116688,0.0075856377038749,0.0003714034210068,0.00968030048704822,0.00658110759915435,0.0208235162915134,0.0214840908827162,0.00088506595641921,0.0320255286197944,0.000171201080170379,0.000172732528587871,0.00256615197467685,0.00319867225157745,0.701962439942167,0.00729041176320299,0.027793150150194,0.00328150659927673,0.095823234080843,0.0013110880922572,15,"Hypothesis Testing and Statistical Decision Making",0.701962439942167
"57","CAOS",26,0.000578401241014633,0.00227164523028031,0.00996407845989681,0.000145471341457233,0.00292456129105557,0.000630158233086447,0.0068540957119776,0.009411810635538,0.0003516823757736,0.0201010025722657,8.2101830522451e-05,3.84924899961273e-05,0.000929705643372069,0.000571720871343752,0.918639651852503,0.00243921958655942,0.00800564455684657,0.00116037590077545,0.0143531691486152,0.000547011027120443,15,"Hypothesis Testing and Statistical Decision Making",0.918639651852503
"58","CAOS",27,0.0186218897813529,0.0293430543831872,0.0114562796309807,0.000222738887040568,0.0147822913017636,0.000824464031404955,0.0107991367537134,0.0120624841724514,0.000500423156500892,0.0259645514953786,8.74991541974035e-05,8.05450175028679e-05,0.00139026389224121,0.00126222140108889,0.826616918572167,0.00497193738980076,0.0158450986050246,0.00143279639783941,0.0229453249926955,0.000790080983668194,15,"Hypothesis Testing and Statistical Decision Making",0.826616918572167
"59","CAOS",28,0.00162765101326681,0.00389837100954355,0.000424794722278031,0.000183231900536867,0.00371876090224557,0.000513867165471541,0.0121675052689086,0.0340804264735843,0.0006160588515921,0.00164196347412297,5.89579907241819e-05,0.000573938458399938,0.000504926957119299,0.0029049585389884,0.00783828071010324,0.000437200236889641,0.924844575156513,0.00256195883853479,0.00120718618349226,0.000195386147684923,17,"Confidence Interval Interpretation",0.924844575156513
"60","CAOS",29,0.00256225508156144,0.00459066452425699,0.00180388249341947,0.000194503394877489,0.00415336568796053,0.000891795334791204,0.0153949373499774,0.0509432422415402,0.00107388607892019,0.00313614994473582,8.56904517488821e-05,0.00541776436755063,0.00100386892606227,0.00759059100901314,0.00907582832434283,0.000588461192015933,0.881107415480889,0.008390052744211,0.00156142058949623,0.000434224782629323,17,"Confidence Interval Interpretation",0.881107415480889
"61","CAOS",30,0.00371711828338736,0.00427167900783785,0.00103302674464917,0.00065420977061015,0.00729022204868475,0.000717688577706317,0.137402863847109,0.0518132095770514,0.00563738115575719,0.00668783637460674,0.000174058415177681,0.0013966875210896,0.000880284162543289,0.00979395254931809,0.00930169187113213,0.00051235607219734,0.751487726294894,0.00500743458338739,0.00169504187105604,0.000525531271804542,17,"Confidence Interval Interpretation",0.751487726294894
"62","CAOS",31,0.00393389261871687,0.00435308959877908,0.0018254976584631,0.000270879948819864,0.00792981953140744,0.00082916408821866,0.0138056859651848,0.0260709196229728,0.000795017137340559,0.0034707096718859,8.48285809843999e-05,0.000686977777911396,0.000692257669053553,0.00396458549578051,0.0129764320967066,0.00104523012593645,0.910014505907994,0.00329730507857745,0.00365559186369616,0.000297609561570727,17,"Confidence Interval Interpretation",0.910014505907994
"63","CAOS",32,0.0199454690581921,0.0285793477821743,0.00134182819179984,0.00109483875490115,0.00886687846494355,0.00163209978602332,0.701361424974503,0.00934329405169602,0.00256174132561827,0.0107016325115577,0.000337836248313719,0.000203451776715014,0.0009679311427957,0.00332995562081589,0.16990799233786,0.000657593837401542,0.0123331903317686,0.00439957528298748,0.021092648465313,0.00134127005461991,7,"Sampling Distributions and Standardization",0.701361424974503
"64","CAOS",33,0.00109840046031125,0.000654910195159328,0.000942058271871983,0.00037897923923658,0.000314605463550661,0.000621715709212372,0.0289629546693909,0.0236165106567388,0.00161480461289911,0.000490230041952834,0.000580521584557298,0.455468596243604,0.0122280252391241,0.467652016193301,0.00183338010676856,0.000821722850992399,0.00144479679692454,0.000912846393834782,0.000237899265120862,0.000125026005448208,14,"Distribution Shape and Histogram Interpretation",0.467652016193301
"65","CAOS",34,0.010389047023311,0.00275117136588405,0.000882336659441007,0.00170361664928181,0.000673486659829678,0.000183500831337908,0.347562316439476,0.00515658815113275,0.0157176302082095,0.00766193549998655,0.001113058186383,0.0147747559077092,0.00321198839400451,0.581111304504459,0.000491773580668645,0.00149188898395801,0.00126248463543183,0.00283957376360283,0.000905596224792988,0.000115946331099908,14,"Distribution Shape and Histogram Interpretation",0.581111304504459
"66","CAOS",35,0.0230410340841165,0.0217822573038451,0.00150892727110851,0.00233725899620821,0.000845009045755997,0.000327060486369866,0.541580468456796,0.00690046058691624,0.00482095786612342,0.00280458509983719,0.00134543984754956,0.0139744575776652,0.00298899227083992,0.357165568101955,0.00068360796321254,0.0052684931204638,0.001859459928786,0.00873760836160233,0.00192526443003166,0.00010308920081812,7,"Sampling Distributions and Standardization",0.541580468456796
"67","CAOS",36,0.00201317549829522,0.00310936277710097,0.0600273362012681,0.000239691912889318,0.000333673806336493,0.00151168002409585,0.00715482470651518,0.00964589834907309,0.00637468830783311,0.030202212971178,0.000933760889670935,0.00233593159754672,0.00194834519091784,0.00683215072738509,0.00529324414905677,0.846974549339523,0.00122479753386408,0.00801943654708163,0.00577831724629173,4.69222240768685e-05,16,"Association in Contingency Tables",0.846974549339523
"68","CAOS",37,0.0189841818263114,0.0298520131455832,0.00909260406724194,8.10195567058329e-05,0.0024038511840867,0.000224912185394913,0.00821847604798935,0.00948440092314336,0.00170066408777958,0.879765891196078,6.92457146143034e-05,0.00013033112235803,0.000416721854283582,0.00229312941719253,0.0138520455612275,0.00203514655906744,0.00535614106930668,0.00415160201849809,0.0112369261611901,0.000650696301947541,10,"Probability Modeling and Simulation",0.879765891196078
"69","CAOS",38,0.00621322815677345,0.902182401759977,0.0178765482885908,9.75529511162756e-05,0.00774734659355348,0.000758065214598508,0.00500077061736863,0.00409402661397129,0.00037538317841309,0.00399975770490142,8.21233754740965e-05,7.7709572921688e-05,0.000984851981251134,0.00235547372646203,0.00422255012538177,0.00108339678887041,0.0048392291443864,0.00298361512022724,0.0345275787581118,0.000498390327649078,2,"Sampling Bias and Generalizability",0.902182401759977
"70","CAOS",39,0.0253816139356523,0.0444166601127016,0.0010173638026387,0.000345093123630001,0.847581736950926,0.000270113453628178,0.00729378683787587,0.00888541930300762,0.000578639632911113,0.00348583636383757,1.79239098922289e-05,0.000204442128937381,0.0138877393702251,0.00199829647931071,0.013468543732217,0.00422509695521711,0.0149373464628949,0.00117651055995684,0.0100735728716029,0.000754264012936957,5,"Regression Model Interpretation",0.847581736950926
"71","CAOS",40,0.000223968228818553,0.00287015361152771,0.0961752728591391,5.72149864038298e-05,0.00148775117928058,0.000844484279279233,0.0029709068962802,0.006738255335801,0.000146229344159442,0.0036969266260619,0.000138707617591485,2.70308451468334e-05,0.000985082697925389,0.000501216574110861,0.868569316558607,0.00190809199181461,0.00423206595303958,0.00148479108344906,0.0063237827983258,0.000618750533237975,15,"Hypothesis Testing and Statistical Decision Making",0.868569316558607
"72","GE",1,0.0887170972336497,0.0178158200542291,0.0256453318014748,0.00264591130950258,0.000200689203807643,0.0341315541825056,0.0036328905239604,4.48150713906937e-05,0.00145317320103749,0.000584088308684597,0.0166206079064632,0.001538912014328,0.000178881373940058,0.000761186597797691,0.0124138284315805,0.000689681821208019,0.00249563783836132,0.790072082150944,0.000328465252130472,2.93457230036715e-05,18,"Sample Size and Proportion Inference",0.790072082150944
"73","GE",2,0.158261053662622,0.0460543600498493,0.00917486962256805,0.0110939174471061,0.0041409624413519,0.014287061489414,0.111058122119011,0.000181235868093377,0.515066079371019,0.0459212030491513,0.0269816327859975,0.000214942451949183,8.92266027371968e-05,0.000318004864527782,0.00413826637668718,3.61071486271872e-05,0.0274860881964529,0.0233139652222958,0.000696284284168516,0.00148661694637137,9,"Procedural Statistical Computation",0.515066079371019
"74","GE",3,0.0439472513726972,0.0082513078369876,0.0108428212952113,0.00508907302825743,8.22990416499973e-05,0.0163646051683078,0.0275840355563489,6.25364334165142e-05,0.0233582580117627,0.000238553290688903,0.84396431666097,0.00203995579071124,0.0008413906691445,0.00106474117727688,0.000270131260771262,0.000164952028833028,0.00837585960467526,0.00726649832022879,0.000147091432216848,4.43220198441151e-05,11,"Sample Size, Precision, and Margin of Error",0.84396431666097
"75","GE",4,0.0455378906206885,0.00316673322796232,0.00897803022275931,0.0128351403572961,0.00861039607117152,0.0118172042478141,0.00215108355256364,3.99168499090637e-05,0.000393950028050117,0.00115834471367937,0.00079847963231747,2.48458480782166e-06,4.23035858977071e-05,5.83495256083601e-06,0.840182165118355,0.000611947565580214,0.0515985673253869,0.0021013454434113,0.00983966107541664,0.000128520824372507,15,"Hypothesis Testing and Statistical Decision Making",0.840182165118355
"76","GE",5,0.0149978322279169,0.00290867329795166,0.00443560404372806,0.000147132355342536,0.000130940557086725,0.950336757412298,0.000224823094982985,5.21242431611162e-05,0.000220102504935388,0.000278423725716216,0.000457001189676775,6.072163766942e-06,2.13869021843764e-05,8.31713503951162e-06,0.010363277216528,9.781551728295e-05,0.00302541896146797,0.000775606846061089,0.0113962697667939,0.000116420838078625,6,"Comparing Groups with Randomized Studies",0.950336757412298
"77","GE",6,0.734046197478023,0.0292047587119664,0.0493468807291506,0.0109355594274982,0.00348490605567477,0.0245152173137437,0.0345825036377801,0.000152612045662595,0.00705643387537254,0.0222982804710304,0.00184339529186849,0.000425574236249874,0.000716778262265084,0.00827943129717537,0.0144175385336456,6.72621024343066e-05,0.0420697021759097,0.0124635129833563,0.00302061048143371,0.00107284488975879,1,"Robust Estimation and Resistant Methods",0.734046197478023
"78","GE",7,0.941186159666435,0.00848405852074993,0.00337279644155801,0.00123904181046965,0.00332573685456712,0.00879649035862518,0.0045849184594848,2.37944697071124e-05,0.00327266790297224,0.00140436337542688,0.000360478042970055,1.81417153944992e-05,1.30233059428342e-05,3.82418961977739e-05,0.0045459445522617,4.23588417260247e-05,0.012021740284684,0.00471518447195013,0.00240527195802111,0.000149587070855952,1,"Robust Estimation and Resistant Methods",0.941186159666435
"79","GE",8,0.0116583239209649,0.00450870362629371,0.0231548210489922,0.000232620199851826,0.00120602406381143,0.933387572853382,0.000393545457304744,7.14082687546681e-05,0.000421590412741005,0.000592139754191462,0.00101468996151086,1.10713097288921e-05,4.7631338657404e-05,1.6162607897565e-05,0.01071175803459,7.40072044409928e-05,0.00436988768198943,0.005641686805191,0.00226351364862718,0.000222841801078005,6,"Comparing Groups with Randomized Studies",0.933387572853382
"80","GE",9,0.00321781134666535,0.00389175642453421,0.00179099572426416,0.000351229708017696,0.00393697155402159,0.00413880182415354,0.00122864251270372,0.0181359758659206,5.80691474589845e-05,0.000213214746075467,0.000278909440609732,0.000404270884096375,0.000353271484638405,1.67506886490449e-05,0.880484660464434,0.000258023071365992,0.0037472893435112,3.16623269598546e-05,0.0774254227043448,3.62707375757259e-05,15,"Hypothesis Testing and Statistical Decision Making",0.880484660464434
"81","GE",10,0.00148966900209961,0.0195604560930694,0.546233216066164,0.000411598705165213,0.00426686436919,0.00839251457108288,0.00638410773598921,0.049616051276149,0.000509458638229358,0.00292690276688141,0.00685580470228097,0.0035676318521954,0.00100204530459348,0.000291175400130904,0.331205594568332,0.000196702372651869,0.00598607688417536,0.000978989796252819,0.00985283757966587,0.000272302315700891,3,"Diagnostic Testing and Classification Errors",0.546233216066164
"82","GE",11,0.0264059103413692,0.0224661780612458,0.00130865086602863,0.00160211556319953,0.0216276059948031,0.0346948926018805,0.00477248580705954,0.0996288394225825,0.00059356097114125,0.000354267740624752,0.00126787711754624,0.0159140195022908,0.000859037090376894,0.000244526375110381,0.364235765155117,0.000140760956285221,0.392222834232914,0.000267265911794847,0.0112996193189411,9.37869696883222e-05,17,"Confidence Interval Interpretation",0.392222834232914
"83","GE",12,0.0309512981382352,0.0231235278806422,0.00379665177687693,0.00749209133026635,0.00733196440061854,0.0844926597101824,0.00447378885278534,0.145855835338973,0.000674974509863047,6.52351608018241e-05,0.00660141997246101,0.606218625689887,0.00484293175183397,0.00462901670370138,0.029845959778816,0.00417011872900957,0.0161985351259793,7.35292511011914e-05,0.0191464140672499,1.54218307151209e-05,12,"Distribution Summaries and Boxplot Interpretation",0.606218625689887
"84","GE",13,0.00257509503943575,0.00175415191411947,0.000486120996204333,0.000569711176599131,0.00413559030715101,0.00564927751572289,0.0107877614003431,0.32409119985888,0.00325728490856089,0.000843480748596702,0.00116991943300118,0.603582540297221,0.00304053628360509,0.00185038089967092,0.0132556914042632,1.14148774854359e-05,0.0198942804996814,0.000267774332508141,0.00243638801184076,0.000341400095109217,12,"Distribution Summaries and Boxplot Interpretation",0.603582540297221
"85","GE",14,0.00262404831799948,0.00374255495055149,0.000629269733412988,0.000517862220557343,0.0071581093871659,0.00549179760060837,0.00840735042945498,0.269970881000521,0.00165450712579791,0.000558380103963118,0.000989567109437448,0.641188007514785,0.0169568599652131,0.00541597385285094,0.0175334304130043,1.15886451237419e-05,0.0116420377649292,0.000295759655867384,0.00479555238847492,0.000416461820281481,12,"Distribution Summaries and Boxplot Interpretation",0.641188007514785
"86","GE",15,0.00468184866676324,0.0101132050351567,0.00469408595011421,0.000124489740123293,0.00239448349281846,0.00461003602942362,0.000497197286486873,0.0254390943289857,2.9306946990983e-05,0.000319549612414523,0.000108151900359182,0.00070792914673053,0.00227528143490025,4.94979293493108e-05,0.0263566142133118,0.000491942867166333,0.00145815906931629,4.73318179238318e-05,0.915573214723861,2.85798078036393e-05,19,"Randomization and Causal Inference",0.915573214723861
"87","GE",16,0.010698098830409,0.00360684855515303,0.000744597884207812,0.00500559378135937,0.145166269726673,0.00329567357157991,0.00448026994793218,0.0580843101390114,0.000428059835409072,0.000371111281843819,0.000517841135227161,0.00452904719262875,0.00118681953058443,0.00362006772311576,0.458927630656323,0.000118521864884724,0.291784796718288,0.000188830682056943,0.00716425520549683,8.13557378156425e-05,15,"Hypothesis Testing and Statistical Decision Making",0.458927630656323
