"Topic","Highest_Prob","FREX","Lift","Score","Example_1","Example_2","Example_3","Proposed_Label"
1,"estim, size, distribut, sampl, normal, robust, method, resist, statist, data, mean, outlier","resist, robust, generat, method, column, violat, perform, coverag, exampl, outlier, nomin, normal","generat, insensit, nomin, resist, rochon, robust, coverag, contamin, metric, non-norm, stabil, welch","generat, resist, robust, median, normal, outlier, insensit, method, nomin, non-norm, size, estim","Robustness vs. Resistance in Statistical Methods Robustness Robustness refers to a statistical method's ability to perform reasonably well even when the underlying assumptions of the model are violated. A robust method maintains its efficiency and reliability despite deviations from ideal conditions. Example : The t-test is robust to moderate violations of the normality assumption, especially with larger sample sizes. According to the Central Limit Theorem, even if the underlying population i...","Robustness and resistance are related but different ideas in statistics: Robustness refers to how little an estimator or method is affected by small departures from model assumptions, such as mild nonnormality, heteroscedasticity, or a small fraction of outliers. A robust method still performs reasonably well even when the ideal assumptions are not exactly true. Resistance refers more specifically to an estimator's insensitivity to extreme observations. A resistant estimator does not change m...","In this context, both terms describe insensitivity to 'bad' aspects of the data, but they refer to different kinds of problems: Robustness A procedure is robust if its performance (e.g., bias, variance, level, power) does not deteriorate badly when the model assumptions are mildly violated (for example, the data are slightly non-normal, or the error distribution has somewhat heavier tails than assumed). Robustness is about departure from ideal assumptions , not primarily about a few extreme d...",""
2,"sampl, bias, respons, general, student, affect, random, question, option, answer, survey, respond","respons, affect, respond, bias, survey, dormitori, general, non-respons, sent, first-year, prevent, generaliz","dormitori, hygien, non-respons, offici, sent, untruth, campus, nonrespons, respons, first-year, room, respond","respons, bias, respond, dormitori, non-respons, sent, survey, first-year, hygien, generaliz, prevent, affect","To determine which option does NOT affect the college official's ability to generalize the survey results to all dormitory students, let's analyze each choice: (A) Five thousand students live in dormitories on campus. A random sample of only 500 were sent the survey. This affects generalizability because the sample size, although smaller than the population, is still a random sample which can be representative if properly conducted. However, the smaller the sample size compared to the populat...","Multiple Choice Question Analysis To determine which option does NOT affect the ability to generalize survey results to all dormitory students, I need to evaluate each option in terms of sampling methodology and potential biases. Option (A): Five thousand students live in dormitories on campus. A random sample of only 500 were sent the survey. This factor does NOT affect generalizability. The sample size of 500 from a population of 5,000 represents 10% of the dormitory population, which is a ...","(A) . Reasoning To generalize survey results to all dormitory students , the key issues are whether the sample is: representative of the whole population , and affected by nonresponse bias . Now evaluate the options: (A) Five thousand students live in dormitories on campus. A random sample of only 500 were sent the survey. This does not by itself prevent generalization. A random sample of 500 can be large enough to make valid inferences about a population of 5,000. What matters more is that t...",""
3,"test, posit, error, type, fals, cancer, rate, probabl, reject, true, bowel, hypothesi","rate, cancer, fals, bowel, type, posit, blood, error, test, reject, fail, sensit","positivestexttru, blood, bowel, fractexttru, rate, textsensit, fpr, entri, cancer, mid, fals, bay","rate, bowel, cancer, blood, fals, posit, reject, type, error, null, fpr, beta","To calculate the false positive rate from the given contingency table, I need to determine the proportion of negative cases (individuals without bowel cancer) that were incorrectly classified as positive by the blood test. From the table: True Positives (TP) = 2 (patients with bowel cancer who tested positive) False Positives (FP) = 18 (patients without bowel cancer who tested positive) False Negatives (FN) = 1 (patients with bowel cancer who tested negative) True Negatives (TN) = 182 (patien...","To calculate the probability of having bowel cancer given a positive blood test, I need to find P(Bowel cancer | Positive blood test), which is a conditional probability. Looking at the table: There are 2 people with bowel cancer who tested positive There are 18 people without bowel cancer who tested positive The total number of people with positive blood tests is 2 + 18 = 20 Using Bayes' theorem, the probability is: P(Bowel cancer | Positive blood test) = Number of people with bowel cancer a...","To find the probability of having bowel cancer given a positive blood test, I need to calculate P(Cancer | Positive test) using Bayes' theorem or the conditional probability formula. From the table: Positive test AND cancer: 2 Positive test AND no cancer: 18 Total positive tests: 2 + 18 = 20 Using the conditional probability formula: P(Cancer | Positive test) = P(Cancer AND Positive test) / P(Positive test) P(Cancer | Positive test) = 2/20 = 0.10 = 10% Therefore, the probability of having bow...",""
4,"width, slope, strip, buffer, observ, estim, mean, remov, rang, nitrogen, plan, sampl","strip, buffer, width, nitrogen, remov, plan, slope, second, four, bari, fracsigma, quadrat","grass, buffer, nitrogen, one-foot, strip, σxi, quadrat, remov, width, curvatur, -foot, straight-lin","strip, buffer, nitrogen, width, slope, plan, remov, linear, bari, σxi, model, regress","Interpretation of the slope The slope is the expected change in percent nitrogen removed for each additional 1 foot of buffer-strip width. For example, if the slope is b1, then increasing the strip by 1 ft is associated with an average increase of b1 percentage points in nitrogen removed. Use of the model for 0–30 ft No. The data are only at 6 and 13 ft (and near those in plan 2). Predicting for 0–6 or 13–30 ft would be extrapolation; the relationship could be nonlinear (e.g., diminishing ret...","(a) Interpretation of the slope The slope of the regression line estimates the mean change in the percentage of nitrogen removed (in parts per hundred) per one-foot increase in grass buffer strip width. (b) Using the model for prediction between 0 and 30 feet No, I would not be willing to use this model for prediction between 0 and 30 feet. For the first study plan, all data are restricted to widths of 6 ft and 13 ft, so predictions within [6, 13] involve interpolation (reasonable if linearit...","Interpret the slope of the regression line in the context of this question. The slope represents the expected change in nitrogen removed (percentage points) for an increase of 1 foot in the buffer strip width. In other words, it is the average increase in nitrogen removal as the grass buffer gets wider. --- Would you be willing to use this model to predict nitrogen removed for widths between 0 and 30 feet? Explain why or why not. I would not be fully willing to extrapolate that far (to 0–30 f...",""
5,"valu, paramet, regress, statist, intercept, model, popul, data, beta, characterist, linear, zero","intercept, regress, paramet, zero, equat, beta, characterist, model, predict, extrapol, numer, unknown","farm, intercept, β₁x, varepsilon, equat, hatbeta, predictor, technic, least-squar, zero, graphic, regress","intercept, regress, beta, model, slope, linear, paramet, equat, extrapol, varepsilon, predict, farm","As a high-quality graduate statistics student, I would select the correct answer based on the understanding of linear regression models. Here's the In a linear regression model of the form \( y = \beta 0 + \beta 1x + \epsilon \), the term \(\beta 0\) is known as the intercept or constant term. This term represents the expected value of the dependent variable \(y\) when the independent variable \(x\) is zero. (A) the strength of the relationship between x and y - This is incorrect because the ...","As a high-quality graduate statistics student, the correct answer to this question is: (C) the expected y value when x is zero In linear regression, the intercept (often denoted as \( \beta 0 \) or \( b 0 \)) represents the value of the dependent variable (y) when the independent variable (x) is zero. This is assuming that the model \( y = \beta 0 + \beta 1x + \epsilon \) holds, where \( \beta 0 \) is the intercept, \( \beta 1 \) is the slope, and \( \epsilon \) is the error term. Option (A) ...","(C) the expected y value when x is zero . In a linear regression model of the form \[ y = \beta 0 + \beta 1 x + \varepsilon, \] the intercept \(\beta 0\) is the model's predicted or expected value of \(y\) when \(x = 0\). (A) describes the slope or correlation, not the intercept. (B) reverses the roles of \(x\) and \(y\). (D) is true in the sense that the regression intercept is a population parameter in the population model, but it is not what the intercept represents in interpretation quest...",""
6,"test, sampl, differ, random, price, two, textbook, observ, data, t-test, pair, distribut","price, textbook, bookstor, pair, rishi, run, t-test, sequenc, label, store, two, neq","cdfs, rishi, store, price, bookstor, ptextbowel, internet, sell, signed-rank, textbook, permut, wilcoxon","price, bookstor, rishi, textbook, ptextbowel, pair, run, t-test, store, sequenc, internet, signed-rank","This is an excellent question that probes the foundational thinking behind selecting an appropriate statistical test. Rishi's objective is to compare the average selling prices of textbooks from two distinct internet bookstores. This immediately points us towards a hypothesis test concerning population means. Here's a breakdown of my decision-making process: Identify the Goal: The core task is to determine if there's a statistically significant difference between the average selling prices of...","Rishi should use a paired-samples t-test to compare the selling prices of the textbooks at the two online bookstores. What are the observational units? The units are the textbooks . For each textbook, there are two prices : one from Internet bookstore A and one from Internet bookstore B. How were the data collected? First, she took a random sample of 10 textbooks from those used at her college. Then, for each of these same textbooks, she recorded the price at both online bookstores. This mean...","To advise Rishi on the appropriate test, we should consider the structure of the data and the hypothesis being tested. Rishi's goal is to determine if there is a difference in the average prices of textbooks between two Internet bookstores. Here's a step-by-step decision-making process for selecting a suitable statistical test: Identify the Variables : The main variable of interest is the textbook price, which is a continuous variable. The two groups being compared are the prices from the two...",""
7,"sampl, standard, mean, deviat, popul, distribut, normal, error, feet, inch, calcul, valu","feet, inch, standard, deviat, z-score, sampl, sigma, popul, mean, normal, barx, act","inch, notat, woman, feet, fracsqrt, σ√n, fracx, z-score, area, musigma, tall, convert","feet, inch, deviat, sampl, z-score, popul, barx, normal, standard, score, frac, error","The correct choice is (C) . Under normal conditions: population mean μ = 12.3 inches, population standard deviation σ = 3 inches. Sample: n = 100 fish, sample mean \(\bar{x} = 11.2\) inches. Standard error of the mean (SEM) is \[ \text{SE} = \frac{\sigma}{\sqrt{n}} = \frac{3}{\sqrt{100}} = \frac{3}{10} = 0.3 \text{ inches.} \] The observed difference between sample mean and established mean is \[ 12.3 - 11.2 = 1.1 \text{ inches.} \] Measured in standard errors, this is \[ z = \frac{11.2 - 12....","To calculate the z-score for a woman who is six feet tall, we need to first convert her height in feet to inches. Since there are 12 inches in a foot, a woman who is six feet tall is 72 inches tall. The formula to calculate the z-score is: \[ z = \frac{(X - \mu)}{\sigma} \] where: \( X \) is the value of interest (in this case, 72 inches), \( \mu \) is the mean of the distribution (65.5 inches), \( \sigma \) is the standard deviation of the distribution (2.5 inches). Plugging in the values, w...","To determine the proportion of students scoring 33 or higher on the ACT, given that the scores are normally distributed with a mean (\(\mu\)) of 18 and a standard deviation (\(\sigma\)) of 6, we need to follow these steps: Convert the raw score to a z-score: The z-score formula is: \[ z = \frac{X - \mu}{\sigma} \] where \(X\) is the score we're interested in, \(\mu\) is the mean, and \(\sigma\) is the standard deviation. For \(X = 33\): \[ z = \frac{33 - 18}{6} = \frac{15}{6} = 2.5 \] Find th...",""
8,"data, question, answer, option, statist, provid, valu, correct, calcul, determin, without, mean","exam, question, answer, symmetri, dataset, determin, data, understand, inform, without, provid, howev","intent, referenc, detail, sake, queri, pleas, your, symmetri, outlin, unless, liter, exam","intent, option, symmetri, data, pleas, coeffici, calcul, dataset, exam, symmetr, referenc, refer","I notice this question asks me to calculate a correlation coefficient using ""data from 16,"" but I not have access to that specific data. Without the referenced data, I cannot calculate the correlation coefficient directly. As a graduate statistics student, I would need the paired data points (x₁, y₁), (x₂, y₂), ..., (xₙ, yₙ) to calculate the correlation coefficient using the formula: r = Σ[(xᵢ - x̄)(yᵢ - ȳ)] / √[Σ(xᵢ - x̄)² × Σ(yᵢ - ȳ)²] Where: x̄ and ȳ are the sample means The summations are...","There not enough information in your message to compute the correlation coefficient: 'the data from 16' refers to a previous question or dataset that I not see. Please provide the actual data (the paired x–y values or the summarized statistics such as ∑x, ∑y, ∑xy, ∑x², ∑y², and n), or paste the full text of question 16. Then I can show the calculation step by step and select the correct option from (A)–(D).","To answer this question accurately and as a high-quality graduate statistics student, you would need more information than what is provided in the question. Specifically, you would need a data set or a description of the data points to calculate the correlation coefficient. Since the question refers to ""the data from 16,"" but does not specify what that data is, it's impossible to compute the correlation coefficient without further information. However, if we assume ""16"" refers to a specific d...",""
9,"sum, time, calcul, mean, rout, approx, squar, frac, barx, deviat, averag, number","rout, sum, cameron, squar, citi, children, countri, weight, barx, famili, arriv, jordan","barxn-, cameron, fee, jordan, travel, rout, children, citi, jean, park, rock, sqrtfracsum","children, rout, sum, minut, citi, countri, famili, barx, squar, cameron, frac, travel","To calculate the mean number of children per family, multiply the number of children by the number of families for each category, sum these products, and then divide by the total number of families. Calculate step-by-step: Multiply the number of children by the number of families: \(0 \times 8 = 0\) \(1 \times 16 = 16\) \(2 \times 22 = 44\) \(3 \times 14 = 42\) \(4 \times 6 = 24\) \(5 \times 4 = 20\) \(6 \times 2 = 12\) Sum these products: Total = \(0 + 16 + 44 + 42 + 24 + 20 + 12 = 158\) Sum...","To calculate the mean number of children per family, we need to compute the weighted average of the number of children, where the weights are the number of families. Here's the calculation: Multiply the number of children by the number of families for each row: 0 children 8 families = 0 1 child 16 families = 16 2 children 22 families = 44 3 children 14 families = 42 4 children 6 families = 24 5 children 4 families = 20 6 children 2 families = 12 Sum the products from step 1: 0 + 16 + 44 + 42 ...","Analysis Let me calculate key statistics for both routes. Country Route: 17, 15, 17, 16, 18 Mean = 83/5 = 16.6 minutes Range = 18-15 = 3 minutes Variance ≈ 1.04, SD ≈ 1.02 minutes City Route: 18, 13, 20, 10, 16 Mean = 77/5 = 15.4 minutes Range = 20-10 = 10 minutes Variance ≈ 13.84, SD ≈ 3.72 minutes Evaluation of Each Option (B) City Route — While the mean is slightly lower (~1.2 min difference), the City Route has extremely high variability (SD ≈ 3.72). Arriving in 10 minutes occasionally is...",""
10,"probabl, estim, chanc, guess, correct, random, option, hit, student, number, simul, get","guess, chanc, hit, simul, bat, trial, get, success, probabl, alon, -bat, abil","-bat, babe, ruth, nearest, bat, genuin, guess, drink, bernoulli, trial, success, simul","-bat, guess, hit, bat, simul, binomi, chanc, success, trial, probabl, ruth, null","(B) . We want the probability that someone who is just guessing gets at least 4 correct out of 6. Under ""guessing,"" each trial is an independent Bernoulli trial with success probability 0.5. So we need to estimate: \[ P(X \ge 4) \quad \text{for} \quad X \sim \text{Binomial}(n=6, p=0.5). \] Option (B) simulates exactly this model: independent trials with a 50% chance of being correct on each guess, then counts how often 4 or more out of 6 are correct. This directly estimates the desired probab...","The key point here is that we want to determine the probability of getting at least four correct guesses out of six just by chance. This scenario can be modeled as a binomial distribution, where each attempt represents a trial with two possible outcomes (correct or incorrect guess) and the probability of success (correct guess) is 50%. To estimate this probability accurately, method (B) is the most appropriate: (B) Simulate this on the computer with a 50% chance of guessing the correct soft d...","Analysis The question asks which method accurately estimates the probability of getting at least 4 correct out of 6 by chance alone (i.e., under the null hypothesis of random guessing, p = 0.5). Let me evaluate each option: : Having the same student repeat the experiment many times — This is problematic because we're trying to estimate the probability under chance alone . If the student actually can tell the difference, her repeated experiments would reflect her true ability, not random guess...",""
11,"gap, work, sqrt, error, student, effect, hour, test, independ, associ, signific, statist","sqrt, gap, work, part-tim, academ, male, hour, percept, femal, week, chi-squar, achiev","grew, part-tim, texa, week, academ, advisori, board, male, naep, percept, sqrt, textgap","sqrt, gap, part-tim, percept, hour, male, week, academ, chi-squar, femal, board, advisori","Chi-Square Test Analysis (a) Null and Alternative Hypotheses H₀: There is no association between the average number of hours students work part-time per week and their perception of the effect of part-time work on academic achievement. Hₐ: There is an association between the average number of hours students work part-time per week and their perception of the effect of part-time work on academic achievement. --- (b) Conditions for Chi-Square Inference The conditions for a chi-square test of in...","(a) Null and Alternative Hypotheses Null Hypothesis ($H 0$): There is no association between the number of hours worked per week and the students' perception of the effect of part-time work on their academic achievement; these variables are independent in the population of university students. Alternative Hypothesis ($H a$): There is an association between the number of hours worked per week and the students' perception of the effect of part-time work on their academic achievement; these vari...","answer each part systematically as a graduate statistics student would on an exam. (a) Null and Alternative Hypotheses H₀: There is no association between the perception of the effect of part-time work on academic achievement and the average number of hours per week that students work. Hₐ: There is an association between the perception of the effect of part-time work on academic achievement and the average number of hours per week that students work. Alternatively, this can be stated as: H₀: ...",""
12,"median, mean, section, score, box, whisker, distribut, class, valu, data, boxplot, rang","section, whisker, boxplot, quartil, west, median, class, box, east, extend, log, iqr","eastern, concav, east, elogx, insect, west, western, section, interquartil, jensen, lifespan, logex","section, median, whisker, boxplot, quartil, box, class, score, west, east, plot, iqr","To determine which section has a greater percentage of students with scores at or above 80, we need to analyze the box plots for Section A and Section B. A box plot visually represents the distribution of data, showing the median, quartiles, and potential outliers. The box itself represents the interquartile range (IQR), which spans from the first quartile (Q1) to the third quartile (Q3). The line inside the box indicates the median. The whiskers extend from the box to the minimum and maximum...","To determine which section has a greater percentage of students with scores at or above 80, we need to analyze the box plots for Section A and Section B. Section A: The box plot shows the median (middle line of the box) is around 90. The lower quartile (left edge of the box) is around 70. The upper quartile (right edge of the box) is around 110. The whiskers extend from approximately 30 to 140. Section B: The box plot shows the median is around 70. The lower quartile is around 50. The upper q...","Estimating the Median P-T Ratio To estimate the median P-T ratio for each group of states, we can follow these steps: Identify the Total Number of States : For the West group, there are 24 states; for the East group, there are 26 states. Determine the Position of the Median : For the West group, the median will be the average of the 12th and 13th values (since 24 is even). For the East group, the median will be the average of the 13th and 14th values (since 26 is even). Locate the Median in t...",""
13,"relationship, linear, correl, point, strong, trend, show, negat, graph, posit, densiti, increas","bone, correl, trend, densiti, relationship, scatterplot, anxieti, strong, age, linear, scatter, downward","downward, older, upward-slop, bone, discern, downward-slop, anxieti, scatter, scatterplot, scienc, women, age","linear, bone, correl, anxieti, older, downward, scatterplot, age, graph, trend, densiti, slope","Looking at this scatterplot, I need to assess both the strength and direction of the linear relationship between anxiety level and science achievement. Key observations from the scatterplot: Direction : There appears to be a general downward trend - as anxiety levels increase (moving right on x-axis), science achievement scores tend to decrease (moving down on y-axis). This indicates a negative relationship. Strength : The majority of data points are clustered in the lower-left portion of the...","The scatterplot displays the relationship between anxiety level (on the x-axis) and science achievement (on the y-axis). We need to evaluate the options based on the visual pattern of the data points. Let's examine each option: (A) This graph shows a strong negative linear relationship between anxiety and achievement in science. A strong negative linear relationship would mean that as anxiety increases, science achievement consistently decreases, and the points would cluster tightly around a ...","Analysis of the Scatterplot Looking at the scatterplot, I need to assess the linear relationship between anxiety level and science achievement. Key observations: Most data points are clustered in the low anxiety range (0-20), with science achievement scores ranging from approximately 17-27 There is one clear outlier at approximately (50, 10) — very high anxiety, very low achievement The cluster of points in the low anxiety range shows no clear linear trend — the points are scattered verticall...",""
14,"distribut, histogram, graph, spread, center, show, shape, around, skew, symmetr, bar, near","histogram, digit, shape, peak, center, symmetr, graph, uniform, bar, spread, bell-shap, rough","newborn, chart, circumfer, digit, multimod, phone, quiz, resembl, wrist, flat, iii, infant","histogram, graph, hour, digit, peak, shape, quiz, bar, center, symmetr, spread, bell-shap","Reasoning I need to determine which histogram best represents wrist circumferences of newborn female infants. Key considerations: Wrist circumferences of newborns - these should be relatively small measurements (approximately 7-9 cm for newborns), but more importantly, I need to think about the shape and characteristics of the distribution. Biological measurements like wrist circumferences in a homogeneous population (newborn females) tend to follow a roughly normal/symmetric, unimodal distri...","The question asks for the best graph to display the distribution of the ""proportion of hits"" to describe its shape, center, and spread. Let's analyze each option: Graph A: This graph is a bar chart where the x-axis represents individual players, and the height of each bar represents the proportion of hits for that player. While it shows the proportion for each player, it not group the data in a way that clearly reveals the overall distribution's shape (e.g., symmetry, skewness) or makes it ea...","The histogram shows a roughly bell-shaped distribution of sleep hours centered near 7, with the bulk of the data spanning 5–10. This shape is only 'somewhat' symmetric because of the isolated low value at 3; that single observation is appropriately flagged as an outlier rather than being absorbed into a claim of perfect normality. Option (D) therefore supplies the most complete statistical description by explicitly addressing shape (symmetric, bell-shaped), an anomalous feature (outlier at 3)...",""
15,"hypothesi, null, effect, p-valu, statist, signific, reject, test, evid, probabl, size, result","circuit, defect, p-valu, assort, enzym, herbicid, fish, drug, evid, prove, hypothesi, electrician","vision, circuit, defect, electrician, ineffect, lazar, non-signific, p-hack, schirm, abandon, advoc, assort","null, p-valu, electrician, circuit, hypothesi, reject, drug, defect, herbicid, enzym, assort, effect","(B) Invalid This interpretation is invalid because it represents a fundamental and common misinterpretation of the p-value. A p-value of .04 does not represent the probability that the drug is not effective (i.e., the probability that the null hypothesis is true). What the p-value actually means: The p-value is the probability of obtaining results at least as extreme as the observed data , given that the null hypothesis is true — not the probability that the null hypothesis is true. Formally:...","A high-quality graduate statistics student would assess the given p-value of 0.21 in the context of hypothesis testing. The null hypothesis in this study is that there is no difference in the mean variety of candy types chosen by participants between the two groups (small assortment vs. large assortment). A p-value of 0.21 indicates that there is not enough statistical evidence to reject the null hypothesis at common significance levels (such as 0.05 or 0.01). With this understanding, the mos...","(B) Invalid This interpretation is invalid because it fundamentally misrepresents what a p-value measures. A p-value of .04 means: > The probability of obtaining a test statistic as extreme as, or more extreme than, the one observed, assuming the null hypothesis is true . The p-value is not the probability that the drug is effective (which would be the probability that the alternative hypothesis is true). Key Distinctions: The p-value is a statement about data given H₀ , i.e., P(data | H₀) Sa...",""
16,"group, formula, compar, differ, accid, fatal, session, conclus, -cycloserin, new, two, valid","accid, fatal, session, -cycloserin, old, seatbelt, relief, therapi, new, belt, seat, formula","cherry-pick, sooner, session, -cycloserin, accid, belt, old, pill, relief, seat, seatbelt, therapi","belt, session, -cycloserin, accid, fatal, therapi, seatbelt, old, therapist, pill, minut, seat","The data come from records of accidents only, so any conclusion must be conditional on an accident having occurred. The most direct way to assess whether fatality is less likely when a seatbelt is worn is therefore to compare the two conditional proportions \[ P(\text{fatal}\mid\text{seat belt})=\frac{510}{412878},\qquad P(\text{fatal}\mid\text{no seat belt})=\frac{1601}{164128}. \] These are exactly the ratios in option (A). Option (B) compares marginal proportions of the column total; it ig...","To determine if people are less likely to have a fatal accident when wearing a seatbelt, we need to compare the proportion of fatal accidents between those who wear seatbelts and those who do not. Let's analyze the options: (A) Compare the ratios 510/412,878 and 1,601/164,128 : This option compares the proportion of fatal accidents given that a seatbelt was used (510 fatalities out of 412,878) and the proportion of fatal accidents given that no seatbelt was used (1,601 fatalities out of 164,1...","To determine if people are less likely to have a fatal accident if they are wearing a seatbelt, we need to compare the probability (or rate) of fatal accidents for those wearing a seatbelt versus those not wearing a seatbelt. This is best done by comparing the ratios of fatal accidents to the total number of accidents for each group. Let's look at the options: (A) Compare the ratios 510/412,878 and 1,601/164,128 This compares the ratio of fatal accidents to nonfatal accidents for each group. ...",""
17,"interv, confid, mean, interpret, true, cooki, popul, chip, sampl, number, invalid, individu","cooki, confid, interv, chip, chocol, invalid, contain, interpret, fall, cis, item, individu","cooki, chip, chocol, t-interv, cis, confid, fracssqrtn, interv, modern, item, finit, t-valu","interv, cooki, chip, confid, chocol, invalid, t-interv, cis, popul, item, contain, t-distribut","Let's analyze each interpretation based on the principles of statistical inference and confidence intervals: Item 28: ""We are 95% confident that the true average number of chocolate chips per cookie in the population of all cookies from this brand is between 18.6 and 21.3."" (A) Valid. This is the correct interpretation of a 95% confidence interval. It states that if we were to take many samples and construct confidence intervals from each, about 95% of these intervals would contain the true p...","Let's analyze each potential interpretation based on the information provided about the 95% confidence interval for the average number of chocolate chips in cookies (18.6 to 21.3). Remember that a 95% confidence interval means that if we were to repeat the sampling process many times, approximately 95% of the calculated confidence intervals would contain the true population mean. Item 28: ""We are 95% confident that the true average number of chocolate chips per cookie in the population is bet...","Looking at this interpretation: ""We expect 95% of the cookies to have between 18.6 and 21.3 chocolate chips."" This interpretation is (B) Invalid . Here's why: A 95% confidence interval for the population mean (average number of chips per cookie) tells us about our confidence in where the true population mean lies, not about the distribution of individual cookies. The confidence interval (18.6 to 21.3) means we are 95% confident that the true population mean number of chocolate chips per cooki...",""
18,"sampl, proport, size, approx, diseas, candi, diet, heart, frac, cholesterol, time, variabl","cholesterol, bag, hatp, heart, diet, brown, candi, diseas, yellow, proport, vaccin, kerri","brown, fisher, kerri, yellow, bag, canada, canadian, cholesterol, comment, flu, hatp, positivestextfals","cholesterol, diseas, heart, diet, candi, bag, brown, vaccin, hatp, proport, kerri, vaccine-elig","To determine if there is an association between exposure to a high cholesterol diet and heart disease, we can perform a chi-square test of independence. Here's the step-by-step analysis: Observed Frequencies (O): High Cholesterol Diet, Heart Disease (Yes): 11 High Cholesterol Diet, Heart Disease (No): 4 Low Cholesterol Diet, Heart Disease (Yes): 2 Low Cholesterol Diet, Heart Disease (No): 6 Expected Frequencies (E): The expected frequency for each cell is calculated using the formula: \[ E {i...","To examine the association between exposure to high cholesterol diet and heart disease, I will perform a chi-square test of independence on this 2×2 contingency table. Data Summary: High cholesterol diet: 11 with heart disease, 4 without (n=15) Low cholesterol diet: 2 with heart disease, 6 without (n=8) Total sample size: n=23 Hypothesis: H₀: There is no association between cholesterol diet exposure and heart disease H₁: There is an association between cholesterol diet exposure and heart dise...","To determine if exposure to a high cholesterol diet is associated with heart disease, we can examine the provided contingency table and perform a chi-squared test of independence. The table presents the frequency of individuals with and without heart disease, categorized by their dietary exposure (High Cholesterol Diet vs. Low Cholesterol Diet). From the table, we can extract the observed frequencies: | Exposure | Heart Disease: Yes | Heart Disease: No | Total | |----------------------|------...",""
19,"random, sampl, studi, infer, observ, popul, treatment, causal, assign, group, experi, variabl","causal, treatment, infer, control, confound, stratifi, experiment, assign, studi, conveni, experi, recycl","propens, stratifi, unobserv, money, non-prob, prone, recycl, scheme, strata, stratum, vitamin, conveni","causal, treatment, confound, assign, studi, experi, control, stratifi, conveni, experiment, random, infer","The best answer is (B) causal inference . Here's a breakdown of why, framed with a graduate-level statistical understanding: Causal Inference: Random assignment is the gold standard for establishing causation. By randomly assigning the treatment, we eliminate (or, more accurately, aim to minimize ) systematic differences between the treatment and control groups. This allows us to attribute any observed difference in outcomes directly to the treatment, and not to confounding variables. The cor...","Looking at this question, I need to identify the primary purpose of randomization in experimental design. Let me analyze each option: (A) To increase the accuracy of the research results. This is vague and not capture the specific mechanism by which randomization works. (B) To ensure that all potential cancer patients had an equal chance of being selected for the study. This describes random sampling (selection of participants), not random assignment (allocation to treatment groups). The ques...","(B) causal inference . In experimental design, the primary function of random assignment is to ensure that treatment groups are, on average, balanced across all measured and unmeasured baseline covariates. By mitigating selection bias and confounding, random assignment allows the researcher to isolate the effect of the treatment variable on the outcome, thereby enabling causal inference . It is critical to distinguish this from population inference (generalizability or external validity), whi...",""
20,"upgrad, flight, probabl, time, first, sam, distribut, approx, approxim, standard, binomi, third","upgrad, flight, sam, surpris, first, third, binomi, next, occur, probabl, binom, time","surpris, flight, upgrad, sqrtnp-p, binom, sam, textbinomialn, next, third, event, geometr, binomi","upgrad, flight, surpris, sam, binomi, third, binom, approx, receiv, success, probabl, geometr","Here are the answers to your questions, presented from the perspective of a graduate statistics student during an exam: 1. What is the probability that Sam's first upgrade will occur after the third flight? This scenario describes a geometric distribution. Let $p$ be the probability of an upgrade on any given flight, so $p = 0.10$. Let $q$ be the probability of no upgrade, so $q = 1 - p = 0.90$. The probability that the first success (upgrade) occurs on the $k$-th trial is given by $P(X=k) = ...","To solve these questions, we will use the concepts of geometric and binomial distributions, along with the normal approximation to the binomial distribution. Probability that Sam's first upgrade will occur after the third flight: Since each flight represents a Bernoulli trial where Sam is either upgraded (success) or not upgraded (failure), and the probability of being upgraded is 0.10, we can model the situation with a geometric distribution. Specifically, the probability that the first upgr...","Probability of First Upgrade After Third Flight To find the probability that Sam's first upgrade occurs after the third flight, I need to calculate P(X > 3) where X is the flight number of the first upgrade. This follows a geometric distribution with p = 0.10. P(X > 3) = P(no upgrade in first 3 flights) = (1-p)³ = (0.90)³ = 0.729 Therefore, the probability that Sam's first upgrade occurs after the third flight is 0.729. Probability of Exactly 2 Upgrades in 20 Flights This follows a binomial d...",""
